{
  "_generated": "Generated by SweetTooth, do not edit",
  "description": "Let's tweak gnome 43's quick settings! You can add Media Controls, Notifications, Volume Mixer on quick settings and remove useless buttons!",
  "gettext-domain": "quick-settings-tweaks",
  "name": "[QSTweak] Quick Setting Tweaker",
  "settings-schema": "org.gnome.shell.extensions.quick-settings-tweaks",
  "shell-version": [
    "45"
  ],
  "url": "https://github.com/qwreey75/quick-settings-tweaks",
  "uuid": "quick-settings-tweaks@qwreey",
  "version": 25
}